id,nickname,role,created_at
3d2cd394-6f68-42bf-aaa6-023e4bbccf9e,"닭발",member,2026-01-23T09:49:26.235968+00:00
cf84b9a9-0d19-4705-9458-e5984167aa9b,"❥CaNnOt",vip,2026-01-23T08:57:13.766+00:00
2e273e30-9d7a-4362-bdc7-72c1ce76195b,"김고양이",member,2026-01-21T16:45:41.486617+00:00
72f8e952-8922-4310-8f19-db81f3117ab5,"김고양이",member,2026-01-21T16:44:45.798539+00:00
c1f6927f-0fd7-40e7-8bca-3fa7030f389d,"관리자10",admin,2026-01-21T15:58:38.624957+00:00
0b20ec4c-275c-4256-bef8-1d551caba375,"관리자9",admin,2026-01-21T15:58:38.443848+00:00
55c19b03-01b4-422c-a06e-84535072bce1,"관리자8",admin,2026-01-21T15:58:38.083503+00:00
53706af0-df07-4875-b098-cc03482cc575,"관리자7",admin,2026-01-21T15:58:37.861294+00:00
5ab01ed3-dcc3-497a-86a2-30370859db55,"관리자6",admin,2026-01-21T15:58:37.499195+00:00
124641b0-c33d-4250-826a-7660fbde54b1,"관리자5",admin,2026-01-21T15:58:37.292811+00:00
48942719-01da-4948-a656-5d36266dcbdc,"관리자4",admin,2026-01-21T15:58:36.475091+00:00
d3a49081-a16f-42fb-bfa7-e62cc9c25726,"관리자3",admin,2026-01-21T15:58:36.123897+00:00
07862e2b-b08c-4517-946d-00bc280b6076,"관리자2",admin,2026-01-21T15:58:35.851841+00:00
2c58e7a0-93ae-4d59-8c15-0bc3d7e404a5,"관리자1",admin,2026-01-21T15:58:35.444599+00:00
3a0aecc7-35a7-4092-b79d-350a372f5c1d,"일반의약품",member,2026-01-21T12:12:46.747001+00:00
e49080ef-72f1-4565-b233-c83e686001bc,"[RG]♥︎무당",member,2026-01-21T10:44:00.331471+00:00
a86ca1dc-547c-40ac-9412-1679ce7002dc,"손밍",member,2026-01-21T08:27:18.870384+00:00
c2a88237-54b0-46b7-8306-1f4ee578e3db,"홍부자",member,2026-01-21T04:31:28.014064+00:00
724282bd-83d0-44a9-b624-4e17034a48dc,"김부기",member,2026-01-21T03:59:19.704934+00:00
4d59cbb1-2614-4771-8d0a-48657b9d6a96,"절포",member,2026-01-21T03:14:19.982795+00:00
4f786e81-f818-4012-b32f-f7195afee032,"절포",member,2026-01-21T03:04:52.73693+00:00
36074b20-0cb4-4b64-b250-665ddbabbc6c,"mickey94",member,2026-01-21T01:43:02.620079+00:00
e47287a8-601a-4cdc-8799-e801d0a3a49d,"시러핑",member,2026-01-20T21:47:30.315414+00:00
33444c33-160f-43fa-be10-9ff62a372e84,"가윤이꼬❤️마음⭐",member,2026-01-20T18:56:01.544976+00:00
dd465c3c-4add-4309-a0bf-356abee9a9c9,"줄여보자",member,2026-01-20T11:32:06.289277+00:00
006a61fd-ddc6-4b54-b5ee-da04610a8952,"태린공주❤️노란링 ",member,2026-01-20T06:25:13.651283+00:00
cdfb44f6-7a75-4c7b-a5e1-9da0ded5579a,"잠깐뼈맞았어",member,2026-01-20T06:22:55.877752+00:00
febc5967-b23d-4360-838b-43c766d3cc39,"dkfldk",member,2026-01-20T06:22:09.994568+00:00
9ff8a933-6206-4e07-81fe-976ae595f8e3,"단진",member,2026-01-20T06:20:44.663281+00:00
ef73e0b4-ab33-4b14-853f-a2cfe3047098,"이구역미친놈",member,2026-01-20T06:19:35.737402+00:00
41efe38b-1c9d-4dcb-ac7c-eadb4707ab9f,"단진",member,2026-01-20T06:19:32.850782+00:00
2fb6b09d-47ee-4a30-8b15-47606c90dc51,"☀칰힌사주면천사☀",vip,2026-01-20T06:19:32.461563+00:00
50b7e01c-a3d7-4af5-9300-ffdb0b278bdc,"가애",member,2026-01-20T06:18:35.200436+00:00
3b34d951-133e-40a4-a7f9-d246a2c9fc2f,"월향지설",member,2026-01-20T06:18:26.158994+00:00
6c15acc1-457a-4b68-9c37-f229a5734c1e,"잔바리",member,2026-01-20T06:17:50.361477+00:00
07cae860-4076-40a6-9d6a-f8e7d08f9f08,"손밍",member,2026-01-20T06:11:18.247652+00:00
ecd433b7-5304-47ae-92a4-24ca1fdb083d,"둥그레",member,2026-01-20T00:05:55.238261+00:00
518b2b17-3554-4ec8-b785-ca85a38bccf6,"재니재니",member,2026-01-19T15:31:44.688358+00:00
d2a435a1-f811-4f84-8041-f46daeadf55b,"테스터입니다",member,2026-01-19T14:56:08.85947+00:00
b42deae4-7825-4c78-aa6a-122dd0983025,"언제나♬",member,2026-01-19T12:37:21.269158+00:00
6b563881-cd47-49eb-b28f-12c4705a1b82,"가윤이꼬❤️털이",member,2026-01-19T12:37:21.025097+00:00
a19decd4-f224-4d71-ab48-1a247e85aec6,"[RG]린아✨여행™",member,2026-01-19T12:37:20.763413+00:00
6d9c432a-2ee0-4b88-9298-a95349e49b2d,"⭐건빵이미래쥐",member,2026-01-19T12:37:20.119704+00:00
75ff6a77-cff5-49c8-bc03-93496bf0f299,"태린공주❤️줄여보자",member,2026-01-19T12:37:19.864424+00:00
4e4b177a-88ab-42b4-aa4d-62ad4c7605fc,"미드",vip,2026-01-19T12:37:19.608421+00:00
3e413632-32a6-486a-86e8-f5cedf3030b3,"[RG]✨린아의발굴™",member,2026-01-19T12:37:19.396712+00:00
0516a5d2-31c9-4dfb-9a83-2a121be00498,"쩔어서짜다",vip,2026-01-19T12:37:19.185285+00:00
e001e9e2-b228-4195-a056-5e9f09b31279,"미키™",vip,2026-01-19T12:37:18.963228+00:00
f8caa19f-d4c2-422e-8b22-91a2ae8739f7,"손밍매니아",vip,2026-01-19T12:37:18.602179+00:00
acccc10b-ba73-4891-b527-a81827030387,"유저",member,2026-01-17T12:10:56.950056+00:00
c179ad73-0e3e-47f4-a2e5-394f798582a6,"vip유저",vip,2026-01-17T11:33:37.22254+00:00
383815c5-8dc6-4b63-b705-c683294cf807,"김유저",vip,2026-01-17T11:33:37.22254+00:00
1821fdbf-ee53-4da8-a9ca-db25dc6aae60,"RG패밀리",admin,2026-01-16T17:37:55.728888+00:00
